<odoo>
    <data>
        <!-- id -> XML ID  -->
        <record id="hms_category" model="ir.module.category">
            <field name="name">ITI School</field>
        </record>

        <record id="hms_user_group" model="res.groups">
            <field name="name">ITI user</field>
            <field name="category_id" ref="hms_category"/>
        </record>

        <record id="hms_manager_group" model="res.groups">
            <field name="name">ITI Manager</field>
            <field name="category_id" ref="hms_category"/>
        </record>

<!--        &lt;!&ndash; Record Rules  &ndash;&gt;-->
<!--        &lt;!&ndash; Global Record Rule &ndash;&gt;-->
        <record id="hms_user_patients" model="ir.rule">
            <field name="name">User's ppatients only</field>
            <field name="model_id" ref="model_hms_patient"/>
            <field name="groups" eval="[(4, ref('hms_user_group'))]"/>
            <field name="domain_force">[('create_uid', '=', user.id)]</field>
        </record>
<!--        &lt;!&ndash; Specific  &ndash;&gt;-->
<!--        <record id="iti_manager_rule" model="ir.rule">-->
<!--            <field name="name">salary greater than 10</field>-->
<!--            <field name="model_id" ref="model_iti_student"/>-->
<!--            <field name="groups" eval="[(4, ref('iti_manager_group'))]"/>-->
<!--            <field name="domain_force">[(1, '=', 1)]</field>-->
<!--        </record>-->




    </data>
</odoo>